Campaign,Negative Keyword,Match Type
All Campaigns,free,Broad
All Campaigns,diy,Broad
All Campaigns,home remedies,Phrase
All Campaigns,natural cure,Phrase
All Campaigns,jobs,Broad
All Campaigns,salary,Broad
All Campaigns,school,Broad
All Campaigns,training,Broad
All Campaigns,certification,Broad
All Campaigns,course,Broad
All Campaigns,books,Broad
All Campaigns,articles,Broad
All Campaigns,studies,Broad
All Campaigns,research papers,Phrase
All Campaigns,pdf,Broad
All Campaigns,download,Broad
All Campaigns,degree,Broad
All Campaigns,program accreditation,Phrase
All Campaigns,become a,Phrase
All Campaigns,how to become,Phrase
All Campaigns,supplements,Broad
All Campaigns,vitamins,Broad
All Campaigns,cheap,Broad
All Campaigns,affordable,Broad
All Campaigns,insurance,Broad
All Campaigns,medicaid,Broad
All Campaigns,medicare,Broad
All Campaigns,covered by insurance,Phrase
All Campaigns,accept insurance,Phrase
All Campaigns,emergency,Broad
All Campaigns,urgent care,Phrase
All Campaigns,hospital,Broad
All Campaigns,clinic near me open now,Phrase
All Campaigns,24 hour,Phrase
All Campaigns,recipes,Broad
All Campaigns,meal plan,Phrase
All Campaigns,workout,Broad
All Campaigns,exercise,Broad
All Campaigns,youtube,Broad
All Campaigns,video,Broad
All Campaigns,podcast,Broad
